,human_nums,normal_zombie_nums,elite_zombie_nums,winning_probability,death_mean,round_mean,experiment_times
0,4,2,1,91.9449194491945,1.4065340653406535,2.002880028800288,11111
1,4,2,2,80.09180091800918,2.031770317703177,2.6753667536675367,11111
2,4,2,3,64.26964269642697,2.5740257402574027,3.2618126181261813,11111
3,4,2,4,49.38349383493836,2.992709927099272,3.7441274412744128,11111
4,4,3,0,96.13896138961391,1.143641436414364,2.046260462604626,11111
5,4,3,1,85.34785347853479,1.7945279452794527,2.6683466834668352,11111
6,4,3,2,69.03969039690398,2.42759427594276,3.269552695526955,11111
7,4,3,3,52.56952569525696,2.9018090180901814,3.7743677436774368,11111
8,4,3,4,38.86238862388624,3.2606426064260643,4.191521915219152,11111
9,4,4,0,92.5929259292593,1.4626946269462695,2.783187831878319,11111
10,4,4,1,76.82476824768247,2.142651426514265,3.3007830078300784,11111
11,4,4,2,58.599585995859954,2.7326973269732697,3.8016380163801635,11111
12,4,4,3,42.43542435424353,3.179281792817928,4.227342273422734,11111
13,4,4,4,31.104311043110428,3.4424444244442443,4.530375303753037,11111
14,4,5,0,88.8578885788858,1.7169471694716951,3.4932949329493286,11111
15,4,5,1,67.25767257672577,2.4581945819458197,3.900999009990101,11111
16,4,5,2,47.39447394473946,3.024840248402484,4.288182881828818,11111
17,4,5,3,33.57033570335703,3.3762037620376204,4.594095940959409,11111
18,4,5,4,23.40023400234002,3.605076050760508,4.847988479884799,11111
19,4,6,0,83.42183421834218,1.9924399243992441,4.2470524705247055,11111
20,4,6,1,58.014580145801446,2.74439744397444,4.492574925749256,11111
21,4,6,2,39.438394383943844,3.2254522545225446,4.702637026370264,11111
22,4,6,3,25.380253802538032,3.5473854738547383,4.8936189361893625,11111
23,4,6,4,17.19017190171902,3.7149671496714967,5.043740437404374,11111
24,4,7,0,77.26577265772656,2.2319323193231932,5.007470074700748,11111
25,4,7,1,49.26649266492665,2.979479794797948,4.9775897758977585,11111
26,4,7,2,30.582305823058228,3.4164341643416436,5.027720277202771,11111
27,4,7,3,19.29619296192962,3.6664566645666463,5.149221492214922,11111
28,4,7,4,11.691116911169114,3.814508145081451,5.209072090720907,11111
29,4,8,0,71.66771667716677,2.4335343353433534,5.702187021870219,11111
30,4,8,1,41.71541715417154,3.1710017100171,5.4302043020430215,11111
31,4,8,2,24.16524165241653,3.5580955809558086,5.357663576635766,11111
32,4,8,3,14.274142741427415,3.759157591575916,5.293762937629376,11111
33,4,8,4,9.45009450094501,3.851228512285122,5.352713527135271,11111
34,4,9,0,65.08865088650886,2.6417064170641704,6.375753757537575,11111
35,4,9,1,34.25434254342544,3.3346233462334625,5.796327963279633,11111
36,4,9,2,19.14319143191432,3.6646566465664656,5.579425794257944,11111
37,4,9,3,10.917109171091713,3.8241382413824136,5.470524705247052,11111
38,4,9,4,6.615066150661508,3.8973089730897312,5.402124021240212,11111
39,4,10,0,58.63558635586356,2.8192781927819284,7.014850148501487,11111
40,4,10,1,27.576275762757632,3.4725947259472596,6.097380973809737,11111
41,4,10,2,14.328143281432814,3.7542975429754297,5.7479974799748,11111
42,4,10,3,7.686076860768608,3.875168751687517,5.596525965259652,11111
43,4,10,4,4.671046710467105,3.9315093150931513,5.515435154351543,11111
44,5,0,1,99.729997299973,1.021960219602196,1.0351003510035102,11111
45,5,0,2,98.28098280982807,1.3015930159301592,1.216722167221672,11111
46,5,0,3,94.32094320943209,1.8039780397803973,1.6892268922689226,11111
47,5,0,4,86.70686706867069,2.3787237872378726,2.2970029700297,11111
48,5,1,0,99.86499864998648,0.8428584285842858,1.039420394203942,11111
49,5,1,1,98.91098910989108,1.1468814688146882,1.2203222032220322,11111
50,5,1,2,95.11295112951127,1.6511565115651157,1.6693366933669336,11111
51,5,1,3,88.26388263882639,2.2790027900279,2.2902529025290246,11111
52,5,1,4,78.1477814778148,2.84690846908469,2.8870488704887047,11111
53,5,2,0,99.50499504995052,0.971109711097111,1.2329223292232925,11111
54,5,2,1,96.72396723967242,1.4736747367473677,1.6563765637656376,11111
55,5,2,2,90.39690396903968,2.0909909099091,2.2370623706237063,11111
56,5,2,3,80.29880298802988,2.7228872288722887,2.863738637386373,11111
57,5,2,4,67.98667986679867,3.2693726937269374,3.4137341373413728,11111
58,5,3,0,98.74898748987488,1.2010620106201062,1.6507965079650797,11111
59,5,3,1,93.5109351093511,1.8778687786877868,2.2428224282242817,11111
60,5,3,2,83.40383403834039,2.5374853748537487,2.838088380883809,11111
61,5,3,3,70.39870398703987,3.1503915039150385,3.4059040590405902,11111
62,5,3,4,58.05958059580596,3.6109261092610927,3.918369183691837,11111
63,5,4,0,97.479974799748,1.5405454054540546,2.2350823508235083,11111
64,5,4,1,89.09189091890919,2.234542345423454,2.803528035280353,11111
65,5,4,2,76.0417604176042,2.918279182791828,3.3799837998379982,11111
66,5,4,3,61.38961389613896,3.4757447574475746,3.901449014490145,11111
67,5,4,4,46.92646926469265,3.963639636396364,4.4025740257402575,11111
68,5,5,0,95.07695076950769,1.8557285572855728,2.8367383673836737,11111
69,5,5,1,82.62982629826298,2.5923859238592386,3.3755737557375576,11111
70,5,5,2,67.07767077670775,3.2511025110251097,3.902079020790208,11111
71,5,5,3,51.93051930519306,3.7614076140761408,4.356133561335613,11111
72,5,5,4,39.06939069390694,4.16560165601656,4.752767527675276,11111
73,5,6,0,91.8009180091801,2.143731437314373,3.455314553145532,11111
74,5,6,1,75.45675456754569,2.9090090900909007,3.94329943299433,11111
75,5,6,2,58.923589235892365,3.53559535595356,4.378633786337863,11111
76,5,6,3,41.77841778417784,4.063360633606337,4.78939789397894,11111
77,5,6,4,30.537305373053734,4.385473854738549,5.073980739807398,11111
78,5,7,0,88.33588335883358,2.4163441634416345,4.122491224912248,11111
79,5,7,1,69.21069210692107,3.1852218522185223,4.489244892448925,11111
80,5,7,2,49.92349923499235,3.8280982809828097,4.861758617586176,11111
81,5,7,3,33.939339393393944,4.278822788227882,5.127711277112772,11111
82,5,7,4,24.48024480244803,4.524525245252453,5.379893798937991,11111
83,5,8,0,84.47484474844748,2.665736657366573,4.773557735577357,11111
84,5,8,1,61.362613626136245,3.4642246422464225,5.005940059400594,11111
85,5,8,2,42.57042570425704,4.04140041400414,5.2541625416254165,11111
86,5,8,3,27.85527855278553,4.439114391143911,5.447034470344703,11111
87,5,8,4,18.27018270182701,4.65259652596526,5.545135451354513,11111
88,5,9,0,79.29979299792997,2.906129061290613,5.473764737647376,11111
89,5,9,1,52.88452884528846,3.7416974169741697,5.505805058050581,11111
90,5,9,2,35.19035190351904,4.245162451624516,5.618846188461884,11111
91,5,9,3,22.284222842228427,4.555665556655566,5.664296642966431,11111
92,5,9,4,14.094140941409414,4.742777427774279,5.720187201872019,11111
93,5,10,0,74.95274952749527,3.115921159211592,6.139951399513996,11111
94,5,10,1,45.63045630456305,3.948249482494825,5.942039420394202,11111
95,5,10,2,27.89127891278913,4.4198541985419855,5.914139141391416,11111
96,5,10,3,16.956169561695617,4.6743767437674375,5.894608946089461,11111
97,5,10,4,10.90810908109081,4.8071280712807125,5.912969129691298,11111
98,6,0,1,99.8919989199892,1.1788317883178832,1.015480154801548,11111
99,6,0,2,99.5229952299523,1.4284042840428404,1.127711277112771,11111
100,6,0,3,97.6329763297633,1.8334983349833496,1.4265142651426514,11111
101,6,0,4,94.0959409594096,2.4044640446404464,1.927459274592746,11111
102,6,1,0,99.98199981999821,1.0020700207002071,1.017820178201782,11111
103,6,1,1,99.61299612996127,1.2678426784267842,1.1248312483124832,11111
104,6,1,2,98.20898208982088,1.7010170101701017,1.4295742957429574,11111
105,6,1,3,95.00495004950052,2.257312573125731,1.9080190801908017,11111
106,6,1,4,88.60588605886056,2.898748987489875,2.4736747367473675,11111
107,6,2,0,99.8829988299883,1.086490864908649,1.1262712627126272,11111
108,6,2,1,98.82098820988207,1.5211952119521197,1.4220142201422017,11111
109,6,2,2,96.00396003960041,2.091260912609126,1.887048870488705,11111
110,6,2,3,90.549905499055,2.776437764377644,2.4603546035460355,11111
111,6,2,4,81.62181621816218,3.381333813338133,2.98649986499865,11111
112,6,3,0,99.549995499955,1.2773827738277383,1.4069840698406983,11111
113,6,3,1,97.32697326973269,1.897758977589776,1.8782287822878232,11111
114,6,3,2,92.46692466924671,2.5767257672576727,2.414634146341464,11111
115,6,3,3,84.25884258842589,3.199261992619926,2.939249392493925,11111
116,6,3,4,72.96372963729637,3.8169381693816935,3.5040950409504097,11111
117,6,4,0,98.9289892898929,1.6251462514625146,1.858158581585816,11111
118,6,4,1,95.1219512195122,2.3059130591305914,2.3782737827378275,11111
119,6,4,2,87.63387633876339,2.9757897578975783,2.912069120691207,11111
120,6,4,3,77.13977139771397,3.6210962109621097,3.450634506345064,11111
121,6,4,4,64.17064170641706,4.213212132121321,4.0018900189001885,11111
122,6,5,0,98.11898118981188,1.9367293672936727,2.3636036360363604,11111
123,6,5,1,91.45891458914588,2.67059670596706,2.8796687966879664,11111
124,6,5,2,82.34182341823418,3.3222932229322293,3.3969039690396903,11111
125,6,5,3,69.29169291692916,4.000810008100081,3.941679416794168,11111
126,6,5,4,56.52956529565297,4.511025110251103,4.427864278642788,11111
127,6,6,0,96.37296372963728,2.2429124291242912,2.8725587255872567,11111
128,6,6,1,87.62487624876249,2.977769777697777,3.3634236342363417,11111
129,6,6,2,74.89874898748987,3.6847268472684727,3.8917289172891727,11111
130,6,6,3,60.35460354603546,4.325353253532535,4.402934029340293,11111
131,6,6,4,46.719467194671964,4.847268472684727,4.8716587165871665,11111
132,6,7,0,94.62694626946268,2.5427054270542704,3.411574115741157,11111
133,6,7,1,82.49482494824946,3.298532985329853,3.8866888668886688,11111
134,6,7,2,66.96066960669607,4.0450904509045085,4.405814058140582,11111
135,6,7,3,52.11952119521194,4.633336333363332,4.855458554585546,11111
136,6,7,4,39.59139591395914,5.0718207182071815,5.231482314823149,11111
137,6,8,0,92.16092160921608,2.812888128881289,3.9699396993969938,11111
138,6,8,1,76.18576185761856,3.6517865178651774,4.425074250742507,11111
139,6,8,2,59.75159751597516,4.364863648636487,4.8644586445864455,11111
140,6,8,3,43.893438934389344,4.925029250292503,5.299252992529924,11111
141,6,8,4,32.67032670326703,5.2721627216272156,5.569255692556926,11111
142,6,9,0,89.04689046890469,3.064080640806408,4.557735577355773,11111
143,6,9,1,69.36369363693638,3.9653496534965353,4.951039510395104,11111
144,6,9,2,52.79452794527946,4.607866078660788,5.298622986229862,11111
145,6,9,3,37.86337863378635,5.110071100711007,5.588155881558817,11111
146,6,9,4,25.533255332553324,5.4491044910449125,5.8376383763837625,11111
147,6,10,0,85.28485284852849,3.3475834758347585,5.154801548015481,11111
148,6,10,1,63.75663756637566,4.207362073620737,5.416164161641617,11111
149,6,10,2,44.856448564485646,4.861938619386193,5.678246782467824,11111
150,6,10,3,30.64530645306453,5.299882998829988,5.879218792187923,11111
151,6,10,4,20.49320493204932,5.557735577355773,6.013590135901357,11111
152,7,0,1,99.99099990999909,1.3384033840338403,1.00810008100081,11111
153,7,0,2,99.8019980199802,1.5640356403564035,1.0711907119071191,11111
154,7,0,3,99.0819908199082,1.9175591755917558,1.2665826658266583,11111
155,7,0,4,97.54297542975428,2.419134191341913,1.6433264332643327,11111
156,7,1,0,99.99099990999909,1.1547115471154712,1.007380073800738,11111
157,7,1,1,99.8919989199892,1.3891638916389164,1.066150661506615,11111
158,7,1,2,99.3789937899379,1.7301773017730178,1.2623526235262352,11111
159,7,1,3,98.28098280982807,2.2540725407254074,1.6250562505625057,11111
160,7,1,4,94.6359463594636,2.9205292052920533,2.110161101611016,11111
161,7,2,0,99.95499954999548,1.221042210422104,1.071460714607146,11111
162,7,2,1,99.66699666996672,1.5557555575555757,1.2515525155251552,11111
163,7,2,2,98.65898658986588,2.088560885608856,1.6076860768607686,11111
164,7,2,3,95.99495994959948,2.739357393573936,2.091080910809108,11111
165,7,2,4,90.71190711907118,3.3913239132391317,2.5751057510575106,11111
166,7,3,0,99.8829988299883,1.3908739087390871,1.2583025830258303,11111
167,7,3,1,98.9739897398974,1.9346593465934656,1.6185761857618577,11111
168,7,3,2,96.5619656196562,2.5977859778597785,2.071910719107191,11111
169,7,3,3,92.04392043920441,3.2286922869228687,2.5351453514535147,11111
170,7,3,4,84.6188461884619,3.90009900099001,3.049050490504905,11111
171,7,4,0,99.5679956799568,1.6721267212672126,1.5974259742597423,11111
172,7,4,1,97.92997929979299,2.3250832508325083,2.037080370803708,11111
173,7,4,2,93.61893618936188,3.0394203942039417,2.501215012150121,11111
174,7,4,3,87.20187201872021,3.679956799567997,3.0180901809018086,11111
175,7,4,4,78.22878228782288,4.314463144631446,3.5234452344523444,11111
176,7,5,0,99.1359913599136,2.028260282602826,2.016110161101611,11111
177,7,5,1,96.3279632796328,2.7256772567725682,2.4770947709477094,11111
178,7,5,2,90.61290612906127,3.401854018540185,2.93879938799388,11111
179,7,5,3,81.0728107281073,4.113671136711367,3.4800648006480066,11111
180,7,5,4,70.87570875708758,4.711637116371164,3.992079920799208,11111
181,7,6,0,98.5509855098551,2.3459634596345964,2.432454324543245,11111
182,7,6,1,93.63693636936372,3.0864908649086487,2.9011790117901177,11111
183,7,6,2,85.49185491854918,3.792187921879219,3.3987039870398705,11111
184,7,6,3,74.80874808748086,4.483754837548376,3.9313293132931335,11111
185,7,6,4,62.71262712627126,5.098010980109801,4.461434614346143,11111
186,7,7,0,97.56097560975607,2.6383763837638377,2.8617586175861764,11111
187,7,7,1,91.35991359913601,3.3871838718387184,3.3467734677346765,11111
188,7,7,2,80.81180811808119,4.1591215912159125,3.895418954189542,11111
189,7,7,3,67.64467644676446,4.832868328683287,4.399333993339933,11111
190,7,7,4,54.80154801548014,5.442714427144272,4.895238952389524,11111
191,7,8,0,95.82395823958241,2.9453694536945374,3.3490234902349023,11111
192,7,8,1,86.49986499864998,3.76779767797678,3.847988479884799,11111
193,7,8,2,74.07074070740707,4.532355323553237,4.382683826838268,11111
194,7,8,3,60.40860408604086,5.187921879218791,4.854018540185403,11111
195,7,8,4,48.49248492484925,5.684006840068401,5.278282782827828,11111
196,7,9,0,93.96093960939608,3.2345423454234536,3.842948429484295,11111
197,7,9,1,82.13482134821348,4.074970749707497,4.343263432634326,11111
198,7,9,2,67.86067860678607,4.8590585905859065,4.828458284582847,11111
199,7,9,3,52.89352893528936,5.4865448654486535,5.244532445324453,11111
200,7,9,4,40.59940599405994,5.9548195481954815,5.627126271262712,11111
201,7,10,0,91.719917199172,3.4952749527495275,4.357933579335794,11111
202,7,10,1,76.98676986769868,4.4063540635406335,4.824318243182431,11111
203,7,10,2,60.31860318603186,5.167851678516785,5.265682656826568,11111
204,7,10,3,46.15246152461525,5.726037260372603,5.659796597965982,11111
205,7,10,4,33.21933219332193,6.177841778417784,5.926109261092613,11111
206,8,0,1,100.0,1.5171451714517146,1.003960039600396,11111
207,8,0,2,99.96399963999642,1.7010170101701017,1.0413104131041309,11111
208,8,0,3,99.79299792997931,2.0131401314013138,1.16290162901629,11111
209,8,0,4,98.8839888398884,2.4465844658446585,1.4331743317433174,11111
210,8,1,0,100.0,1.3361533615336154,1.003960039600396,11111
211,8,1,1,99.95499954999548,1.5558455584555846,1.0407704077040771,11111
212,8,1,2,99.82899828998288,1.8177481774817748,1.1573215732157325,11111
213,8,1,3,99.1809918099181,2.275762757627576,1.4211142111421111,11111
214,8,1,4,97.8039780397804,2.904059040590406,1.8235082350823508,11111
215,8,2,0,100.0,1.3618036180361803,1.036090360903609,11111
216,8,2,1,99.8109981099811,1.6899468994689948,1.1681216812168125,11111
217,8,2,2,99.4149941499415,2.1350013500135003,1.4142741427414274,11111
218,8,2,3,98.07398073980741,2.747457474574745,1.8145081450814509,11111
219,8,2,4,95.83295832958328,3.409954099540996,2.2399423994239944,11111
220,8,3,0,99.92799927999279,1.4864548645486455,1.155791557915579,11111
221,8,3,1,99.6579965799658,1.953919539195392,1.4118441184411843,11111
222,8,3,2,98.5509855098551,2.5716857168571687,1.78759787597876,11111
223,8,3,3,96.25596255962559,3.2592925929259287,2.218972189721897,11111
224,8,3,4,92.13392133921343,3.914319143191432,2.6564665646656467,11111
225,8,4,0,99.79299792997931,1.7250472504725047,1.4044640446404464,11111
226,8,4,1,99.189991899919,2.353163531635317,1.7696876968769688,11111
227,8,4,2,97.4979749797498,2.998739987399874,2.177481774817748,11111
228,8,4,3,93.88893888938892,3.71919719197192,2.6226262262622626,11111
229,8,4,4,87.76887768877691,4.355863558635587,3.0732607326073262,11111
230,8,5,0,99.75699756997572,2.118351183511835,1.7695976959769597,11111
231,8,5,1,98.37098370983708,2.758347583475835,2.1519215192151924,11111
232,8,5,2,95.3379533795338,3.4181441814418143,2.5554855548555486,11111
233,8,5,3,89.7938979389794,4.1159211592115925,3.007650076500765,11111
234,8,5,4,82.08082080820806,4.8345783457834575,3.5435154351543514,11111
235,8,6,0,99.45099450994509,2.4644946449464493,2.149311493114931,11111
236,8,6,1,96.9579695796958,3.1659616596165963,2.5336153361533613,11111
237,8,6,2,92.08892088920892,3.840878408784088,2.955539555395554,11111
238,8,6,3,85.42885428854291,4.514715147151472,3.4448744487444882,11111
239,8,6,4,75.67275672756728,5.245882458824588,3.975519755197552,11111
240,8,7,0,99.00099000990014,2.756457564575646,2.4807848078480785,11111
241,8,7,1,95.1219512195122,3.468634686346864,2.9162091620916213,11111
242,8,7,2,89.14589145891459,4.199711997119971,3.3811538115381152,11111
243,8,7,3,80.83880838808388,4.917559175591756,3.896948969489695,11111
244,8,7,4,68.77868778687787,5.6122761227612274,4.414994149941499,11111
245,8,8,0,98.39798397983981,3.02970029700297,2.8542885428854285,11111
246,8,8,1,93.20493204932049,3.7934479344793446,3.295922959229592,11111
247,8,8,2,85.38385383853839,4.572405724057241,3.8143281432814327,11111
248,8,8,3,73.2517325173252,5.367113671136711,4.363063630636306,11111
249,8,8,4,62.001620016200164,5.982449824498245,4.845108451084512,11111
250,8,9,0,97.3179731797318,3.2869228692286923,3.2472324723247232,11111
251,8,9,1,90.0909009090091,4.130861308613087,3.738727387273873,11111
252,8,9,2,79.72279722797228,4.979389793897939,4.303573035730357,11111
253,8,9,3,69.03969039690398,5.604716047160472,4.721177211772118,11111
254,8,9,4,55.43155431554314,6.295382953829538,5.271352713527135,11111
255,8,10,0,96.2289622896229,3.5450454504545044,3.6644766447664483,11111
256,8,10,1,86.54486544865448,4.478084780847809,4.175771757717577,11111
257,8,10,2,74.02574025740256,5.312303123031231,4.727297272972732,11111
258,8,10,3,60.786607866078654,6.016290162901629,5.191611916119161,11111
259,8,10,4,48.59148591485915,6.576005760057599,5.614976149761498,11111
260,9,0,1,100.0,1.6743767437674375,1.0020700207002071,11111
261,9,0,2,99.96399963999642,1.8452884528845288,1.020610206102061,11111
262,9,0,3,99.909999099991,2.088920889208892,1.0918909189091892,11111
263,9,0,4,99.6039960399604,2.5038250382503824,1.2865628656286563,11111
264,9,1,0,100.0,1.4992349923499235,1.0020700207002071,11111
265,9,1,1,100.0,1.6877868778687788,1.0192601926019258,11111
266,9,1,2,99.96399963999642,1.9580595805958056,1.095670956709567,11111
267,9,1,3,99.639996399964,2.340203402034021,1.2865628656286563,11111
268,9,1,4,99.0189901899019,2.897938979389794,1.5933759337593376,11111
269,9,2,0,100.0,1.5089550895508954,1.021060210602106,11111
270,9,2,1,99.96399963999642,1.7866078660786608,1.095490954909549,11111
271,9,2,2,99.8829988299883,2.1766717667176683,1.2821528215282152,11111
272,9,2,3,99.2349923499235,2.73089730897309,1.5835658356583566,11111
273,9,2,4,97.8129781297813,3.3872738727387275,1.96309963099631,11111
274,9,3,0,100.0,1.5820358203582037,1.090000900009,11111
275,9,3,1,99.8919989199892,1.992079920799208,1.2725227252272522,11111
276,9,3,2,99.3429934299343,2.553775537755377,1.5714157141571417,11111
277,9,3,3,98.2539825398254,3.2587525875258767,1.9503195031950318,11111
278,9,3,4,96.28296282962827,3.923859238592386,2.3429034290342905,11111
279,9,4,0,99.96399963999642,1.7975879758797588,1.2745927459274593,11111
280,9,4,1,99.70299702997028,2.3725137251372512,1.5586355863558636,11111
281,9,4,2,98.82098820988207,3.0795607956079563,1.9318693186931863,11111
282,9,4,3,97.16497164971649,3.7066870668706686,2.296642966429664,11111
283,9,4,4,93.1779317793178,4.398973989739899,2.7057870578705785,11111
284,9,5,0,99.8919989199892,2.1199711997119968,1.5583655836558366,11111
285,9,5,1,99.2259922599226,2.8229682296822967,1.9176491764917647,11111
286,9,5,2,98.19098190981907,3.4737647376473766,2.2727027270272697,11111
287,9,5,3,94.94194941949421,4.147421474214742,2.6502565025650258,11111
288,9,5,4,89.81189811898119,4.837458374583746,3.0978309783097835,11111
289,9,6,0,99.8019980199802,2.4918549185491856,1.8836288362883629,11111
290,9,6,1,98.8119881198812,3.191431914319143,2.246332463324633,11111
291,9,6,2,96.489964899649,3.862028620286203,2.606516065160652,11111
292,9,6,3,92.34092340923408,4.541085410854109,3.0137701377013766,11111
293,9,6,4,85.15885158851589,5.280622806228061,3.4954549545495457,11111
294,9,7,0,99.58599585995859,2.8659886598865985,2.218792187921879,11111
295,9,7,1,97.64197641976419,3.5369453694536945,2.557375573755737,11111
296,9,7,2,94.23094230942309,4.247592475924759,2.9717397173971736,11111
297,9,7,3,88.91188911889118,4.935829358293582,3.4172441724417246,11111
298,9,7,4,80.83880838808388,5.6985869858698575,3.935919359193592,11111
299,9,8,0,99.24399243992441,3.1231212312123118,2.5097650976509764,11111
300,9,8,1,96.68796687966879,3.8330483304833054,2.8998289982899825,11111
301,9,8,2,91.70191701917021,4.584285842858429,3.3311133111331115,11111
302,9,8,3,84.84384843848439,5.368373683736837,3.834668346683467,11111
303,9,8,4,73.89073890738908,6.127261272612728,4.370173701737017,11111
304,9,9,0,98.8839888398884,3.4208442084420843,2.842678426784268,11111
305,9,9,1,95.1219512195122,4.179011790117902,3.2597425974259733,11111
306,9,9,2,88.2008820088201,4.9918999189991915,3.7506975069750697,11111
307,9,9,3,79.28179281792819,5.78219782197822,4.264962649626495,11111
308,9,9,4,67.87867878678786,6.4867248672486735,4.79029790297903,11111
309,9,10,0,98.07398073980741,3.723877238772388,3.2370623706237063,11111
310,9,10,1,92.38592385923859,4.567635676356764,3.688416884168842,11111
311,9,10,2,84.5288452884529,5.3507335073350735,4.170461704617046,11111
312,9,10,3,74.05274052740526,6.180541805418054,4.711007110071102,11111
313,9,10,4,61.812618126181256,6.8568085680856825,5.1817118171181695,11111
314,10,0,1,100.0,1.8406084060840608,1.0009900099000992,11111
315,10,0,2,100.0,2.006930069300693,1.011790117901179,11111
316,10,0,3,100.0,2.239762397623976,1.054720547205472,11111
317,10,0,4,99.8829988299883,2.570425704257042,1.1873818738187385,11111
318,10,1,0,100.0,1.6519665196651967,1.001350013500135,11111
319,10,1,1,100.0,1.8370083700837008,1.012510125101251,11111
320,10,1,2,100.0,2.047250472504725,1.0581405814058142,11111
321,10,1,3,99.8469984699847,2.4252542525425254,1.1906219062190622,11111
322,10,1,4,99.49599495994957,2.9260192601926023,1.4297542975429751,11111
323,10,2,0,100.0,1.6850868508685086,1.0107101071010711,11111
324,10,2,1,100.0,1.9070290702907031,1.054540545405454,11111
325,10,2,2,99.9369993699937,2.2716227162271623,1.1863018630186302,11111
326,10,2,3,99.6489964899649,2.757627576275763,1.4239042390423904,11111
327,10,2,4,99.0549905499055,3.3996939969399693,1.7485374853748537,11111
328,10,3,0,100.0,1.7405274052740527,1.0602106021060211,11111
329,10,3,1,99.9729997299973,2.068310683106831,1.1830618306183065,11111
330,10,3,2,99.7119971199712,2.6031860318603184,1.4219242192421924,11111
331,10,3,3,99.39699396993973,3.2147421474214743,1.7306273062730628,11111
332,10,3,4,98.2719827198272,3.854918549185492,2.0700207002070017,11111
333,10,4,0,99.98199981999821,1.891008910089101,1.1812618126181262,11111
334,10,4,1,99.9369993699937,2.3802538025380247,1.4029340293402934,11111
335,10,4,2,99.5139951399514,3.031410314103141,1.7145171451714518,11111
336,10,4,3,98.5419854198542,3.764827648276482,2.064350643506435,11111
337,10,4,4,96.62496624966248,4.374133741337413,2.384753847538476,11111
338,10,5,0,99.9729997299973,2.170641706417064,1.4073440734407343,11111
339,10,5,1,99.66699666996672,2.813158131581316,1.7086670866708666,11111
340,10,5,2,99.009990099901,3.4827648276482766,2.02250022500225,11111
341,10,5,3,97.65097650976507,4.13590135901359,2.3567635676356757,11111
342,10,5,4,94.81594815948161,4.814418144181442,2.710557105571056,11111
343,10,6,0,99.92799927999279,2.5792457924579244,1.7021870218702186,11111
344,10,6,1,99.549995499955,3.2280622806228063,2.007920079200792,11111
345,10,6,2,98.46998469984699,3.9297992979929797,2.333453334533345,11111
346,10,6,3,96.19296192961927,4.571775717757178,2.6640266402664032,11111
347,10,6,4,91.62091620916209,5.2840428404284046,3.085680856808568,11111
348,10,7,0,99.8469984699847,2.9346593465934663,1.999009990099901,11111
349,10,7,1,99.07299072990729,3.6304563045630456,2.3065430654306542,11111
350,10,7,2,97.20097200972008,4.3012330123301235,2.6312663126631266,11111
351,10,7,3,94.0509405094051,4.9580595805958065,2.997659976599766,11111
352,10,7,4,88.6868868688687,5.6516065160651605,3.4268742687426874,11111
353,10,8,0,99.70299702997028,3.267212672126721,2.2721627216272164,11111
354,10,8,1,98.47898478984793,3.913419134191342,2.571055710557105,11111
355,10,8,2,95.61695616956169,4.6397263972639715,2.94779947799478,11111
356,10,8,3,91.2609126091261,5.356133561335613,3.359913599135991,11111
357,10,8,4,84.40284402844028,6.125011250112501,3.859418594185942,11111
358,10,9,0,99.4149941499415,3.5221852218522187,2.5366753667536677,11111
359,10,9,1,97.44397443974441,4.257042570425703,2.88659886598866,11111
360,10,9,2,93.8439384393844,4.962919629196292,3.2705427054270544,11111
361,10,9,3,88.19188191881918,5.760237602376024,3.7514175141751416,11111
362,10,9,4,79.20979209792098,6.580235802358023,4.280532805328053,11111
363,10,10,0,99.009990099901,3.809828098280983,2.8268382683826836,11111
364,10,10,1,96.3639636396364,4.558725587255872,3.2119521195211966,11111
365,10,10,2,91.15291152911527,5.388353883538835,3.6712267122671225,11111
366,10,10,3,83.71883718837191,6.180541805418054,4.147961479614796,11111
367,10,10,4,74.93474934749348,6.935469354693548,4.6593465934659335,11111
368,1,1,3,13.131131311313114,0.8686886868868688,2.6127261272612725,11111
369,1,1,4,7.884078840788407,0.9211592115921159,2.7821078210782098,11111
370,1,2,0,56.62856628566285,0.4337143371433714,2.6179461794617938,11111
371,1,2,1,21.735217352173517,0.7826478264782648,2.3517235172351723,11111
372,1,2,2,12.969129691296914,0.8703087030870309,2.6074160741607417,11111
373,1,2,3,7.632076320763207,0.923679236792368,2.7553775537755376,11111
374,1,2,4,4.7970479704797055,0.9520295202952028,2.873548735487355,11111
375,1,3,0,42.70542705427055,0.5729457294572946,3.4759247592475924,11111
376,1,3,1,13.104131041310414,0.8689586895868958,2.6091260912609124,11111
377,1,3,2,8.181081810818107,0.9181891818918192,2.7766177661776617,11111
378,1,3,3,4.347043470434704,0.9565295652956528,2.865358653586536,11111
379,1,3,4,2.6820268202682027,0.973179731797318,2.8977589775897763,11111
380,1,4,0,31.84231842318423,0.6815768157681577,4.116371163711636,11111
381,1,4,1,7.740077400774008,0.92259922599226,2.770857708577086,11111
382,1,4,2,4.5990459904599055,0.9540095400954008,2.872918729187292,11111
383,1,4,3,2.6100261002610026,0.97389973899739,2.9293492934929355,11111
384,1,4,4,1.6110161101611016,0.983889838898389,2.956349563495635,11111
385,1,5,0,23.481234812348127,0.7651876518765187,4.542615426154262,11111
386,1,5,1,4.8330483304833045,0.951669516695167,2.8688686886868866,11111
387,1,5,2,2.8080280802808018,0.971919719197192,2.9400594005940057,11111
388,1,5,3,1.7550175501755017,0.9824498244982448,2.9632796327963282,11111
389,1,5,4,0.7470074700747007,0.9925299252992528,2.9260192601926023,11111
390,1,6,0,17.23517235172352,0.8276482764827648,4.898748987489875,11111
391,1,6,1,2.5920259202592013,0.974079740797408,2.8972189721897217,11111
392,1,6,2,1.5930159301593017,0.984069840698407,2.938439384393844,11111
393,1,6,3,0.9540095400954008,0.990459904599046,2.9757897578975783,11111
394,1,6,4,0.5310053100531006,0.9946899468994692,2.999639996399964,11111
395,1,7,0,13.653136531365314,0.8634686346863468,5.186121861218612,11111
396,1,7,1,1.827018270182702,0.981729817298173,2.9711097110971108,11111
397,1,7,2,1.0530105301053008,0.9894698946989472,2.9918999189991897,11111
398,1,7,3,0.7740077400774007,0.9922599225992259,3.009810098100982,11111
399,1,7,4,0.3780037800378004,0.996219962199622,2.9946899468994688,11111
400,1,8,0,10.21510215102151,0.8978489784897848,5.437674376743766,11111
401,1,8,1,1.1070110701107008,0.9889298892988928,2.98289982899829,11111
402,1,8,2,0.5580055800558006,0.994419944199442,2.986139861398614,11111
403,1,8,3,0.3870038700387004,0.996129961299613,2.976149761497615,11111
404,1,8,4,0.1890018900189002,0.9981099810998108,2.94869948699487,11111
405,1,9,0,7.128071280712807,0.928719287192872,5.596525965259652,11111
406,1,9,1,0.6210062100621005,0.993789937899379,2.9742597425974258,11111
407,1,9,2,0.3150031500315003,0.9968499684996852,2.961839618396184,11111
408,1,9,3,0.23400234002340026,0.997659976599766,3.0030600306003064,11111
409,1,9,4,0.10800108001080012,0.998919989199892,2.969489694896949,11111
410,1,10,0,5.5260552605526065,0.944739447394474,5.6193861938619385,11111
411,1,10,1,0.3690036900369004,0.9963099630996308,2.970389703897039,11111
412,1,10,2,0.16200162001620014,0.998379983799838,2.9539195391953923,11111
413,1,10,3,0.06300063000630006,0.9993699936999372,2.9768697686976866,11111
414,1,10,4,0.06300063000630006,0.9993699936999372,2.977679776797768,11111
415,2,0,1,88.79488794887949,0.5715957159571595,1.2231122311223113,11111
416,2,0,2,65.54765547655478,0.9995499954999548,1.867158671586716,11111
417,2,0,3,48.63648636486365,1.3180631806318064,2.567095670956709,11111
418,2,0,4,34.218342183421825,1.5340653406534066,3.0667806678066785,11111
419,2,1,0,93.44793447934478,0.4167941679416794,1.3120331203312032,11111
420,2,1,1,71.60471604716048,0.8766087660876609,1.989739897398974,11111
421,2,1,2,48.43848438484385,1.3189631896318963,2.5862658626586272,11111
422,2,1,3,34.04734047340474,1.5345153451534514,3.04680046800468,11111
423,2,1,4,24.80424804248043,1.6782467824678249,3.432274322743228,11111
424,2,2,0,84.51084510845108,0.6214562145621456,2.219692196921969,11111
425,2,2,1,54.153541535415364,1.2189721897218972,2.7613176131761317,11111
426,2,2,2,33.77733777337774,1.5397353973539736,3.06570065700657,11111
427,2,2,3,23.56223562235623,1.6951669516695167,3.4302943029430293,11111
428,2,2,4,15.840158401584015,1.7994779947799475,3.6690666906669054,11111
429,2,3,0,73.74673746737469,0.8818288182881829,3.255422554225542,11111
430,2,3,1,40.977409774097744,1.4182341823418234,3.3222932229322293,11111
431,2,3,2,23.823238232382327,1.6875168751687517,3.4033840338403385,11111
432,2,3,3,15.786157861578614,1.7969579695796958,3.646116461164612,11111
433,2,3,4,10.098100981009807,1.873458734587346,3.8280982809828097,11111
434,2,4,0,64.35964359643597,1.060930609306093,4.131311313113131,11111
435,2,4,1,30.15930159301593,1.5876158761587615,3.80559805598056,11111
436,2,4,2,15.930159301593015,1.7935379353793537,3.643326433264333,11111
437,2,4,3,10.881108811088113,1.8642786427864284,3.836918369183692,11111
438,2,4,4,7.416074160741607,1.9095490954909549,3.944109441094411,11111
439,2,5,0,53.15453154531546,1.2517325173251732,4.901629016290163,11111
440,2,5,1,21.186211862118626,1.7164971649716496,4.0774007740077405,11111
441,2,5,2,10.719107191071911,1.86859868598686,3.86319863198632,11111
442,2,5,3,6.894068940689408,1.91629916299163,3.9566195661956622,11111
443,2,5,4,5.040050400504005,1.941049410494105,4.056070560705607,11111
444,2,6,0,44.496444964449644,1.3913239132391324,5.637116371163713,11111
445,2,6,1,15.255152551525516,1.7961479614796148,4.285122851228512,11111
446,2,6,2,7.317073170731707,1.9122491224912248,3.992529925299253,11111
447,2,6,3,4.590045900459005,1.9450994509945096,4.035820358203583,11111
448,2,6,4,2.916029160291602,1.965169651696517,4.111871118711187,11111
449,2,7,0,38.00738007380074,1.4910449104491046,6.241472414724147,11111
450,2,7,1,10.575105751057508,1.859958599585996,4.480064800648005,11111
451,2,7,2,4.5000450004500046,1.9469894698946988,4.032130321303213,11111
452,2,7,3,3.3660336603366035,1.95949959499595,4.119071190711908,11111
453,2,7,4,2.0610206102061017,1.974979749797498,4.10440104401044,11111
454,2,8,0,30.213302133021326,1.6039960399603996,6.659256592565925,11111
455,2,8,1,7.263072630726308,1.9063990639906399,4.581135811358113,11111
456,2,8,2,3.042030420304203,1.9639096390963908,4.0686706867068665,11111
457,2,8,3,1.7820178201782018,1.9794797947979483,4.11610116101161,11111
458,2,8,4,1.0260102601026009,1.9878498784987848,4.110611106111061,11111
459,2,9,0,24.021240212402123,1.6905769057690576,6.997749977499776,11111
460,2,9,1,5.229052290522905,1.9335793357933584,4.693456934569347,11111
461,2,9,2,2.1240212402124024,1.975879758797588,4.176311763117631,11111
462,2,9,3,1.3860138601386014,1.983259832598326,4.1557915579155775,11111
463,2,9,4,0.6660066600666007,1.992259922599226,4.145891458914589,11111
464,2,10,0,19.656196561965626,1.7504275042750428,7.368103681036812,11111
465,2,10,1,3.510035100351004,1.954819548195482,4.7521375213752135,11111
466,2,10,2,1.3140131401314012,1.9843398433984345,4.1606516065160655,11111
467,2,10,3,0.7920079200792008,1.9904599045990456,4.2062820628206286,11111
468,2,10,4,0.6030060300603006,1.993069930699307,4.149221492214922,11111
469,3,0,1,96.81396813968142,0.7349473494734947,1.1439114391143912,11111
470,3,0,2,85.99585995859958,1.1350013500135,1.6549365493654935,11111
471,3,0,3,70.20070200702007,1.6393663936639369,2.3582935829358296,11111
472,3,0,4,55.47655476554765,2.000630006300064,2.9775897758977585,11111
473,3,1,0,98.2539825398254,0.5511655116551165,1.1555215552155522,11111
474,3,1,1,89.0378903789038,0.992079920799208,1.6769867698676986,11111
475,3,1,2,73.84573845738457,1.5387453874538746,2.4140941409414096,11111
476,3,1,3,55.89955899558996,1.9923499234992352,2.965079650796508,11111
477,3,1,4,42.22842228422285,2.2932229322293223,3.4890648906489066,11111
478,3,2,0,95.04095040950408,0.7455674556745567,1.7464674646746468,11111
479,3,2,1,79.03879038790387,1.3672036720367204,2.4514445144451447,11111
480,3,2,2,59.65259652596527,1.909819098190982,3.06120061200612,11111
481,3,2,3,43.893438934389344,2.264692646926469,3.4989649896498967,11111
482,3,2,4,31.986319863198627,2.4845648456484564,3.900729007290073,11111
483,3,3,0,89.5328953289533,1.0411304113041129,2.6048960489604895,11111
484,3,3,1,68.23868238682387,1.6891368913689138,3.15480154801548,11111
485,3,3,2,46.85446854468545,2.179551795517955,3.5630456304563047,11111
486,3,3,3,31.968319683196825,2.484474844748448,3.8808388083880843,11111
487,3,3,4,24.30924309243093,2.628476284762848,4.229142291422915,11111
488,3,4,0,83.40383403834039,1.2909729097290974,3.4031140311403107,11111
489,3,4,1,56.31356313563136,1.954819548195482,3.748087480874808,11111
490,3,4,2,36.36036360363604,2.3928539285392856,4.023760237602376,11111
491,3,4,3,23.40023400234002,2.640176401764017,4.210872108721087,11111
492,3,4,4,16.065160651606515,2.760777607776078,4.4574745747457465,11111
493,3,5,0,75.06975069750698,1.5444154441544415,4.299252992529924,11111
494,3,5,1,45.41445414454145,2.1956619566195656,4.268832688326883,11111
495,3,5,2,27.40527405274052,2.562955629556296,4.3963639636396366,11111
496,3,5,3,17.26217262172622,2.7405274052740527,4.424444244442443,11111
497,3,5,4,12.069120691206914,2.822878228782288,4.587885878858788,11111
498,3,6,0,67.69867698676987,1.7564575645756455,5.031410314103141,11111
499,3,6,1,36.61236612366124,2.3713437134371342,4.723607236072361,11111
500,3,6,2,19.74619746197462,2.691476914769148,4.6061560615606165,11111
501,3,6,3,12.10512105121051,2.8286382863828634,4.670776707767078,11111
502,3,6,4,8.46008460084601,2.878678786787868,4.722617226172262,11111
503,3,7,0,59.80559805598056,1.947619476194762,5.821528215282153,11111
504,3,7,1,29.070290702907034,2.5125551255512555,5.068310683106831,11111
505,3,7,2,14.274142741427415,2.7792277922779234,4.8181081810818105,11111
506,3,7,3,8.406084060840607,2.881918819188192,4.7167671676716765,11111
507,3,7,4,5.5620556205562055,2.9250292502925026,4.821798217982179,11111
508,3,8,0,52.56052560525604,2.1073710737107367,6.46980469804698,11111
509,3,8,1,21.951219512195124,2.6419764197641977,5.323193231932319,11111
510,3,8,2,10.48510485104851,2.8452884528845286,4.9902799027990286,11111
511,3,8,3,6.057060570605706,2.9150391503915043,4.796957969579696,11111
512,3,8,4,3.924039240392404,2.9453694536945374,4.872828728287283,11111
513,3,9,0,45.04545045450455,2.2630726307263083,7.087750877508775,11111
514,3,9,1,16.479164791647914,2.7407074070740705,5.6210962109621105,11111
515,3,9,2,7.416074160741607,2.8937089370893707,5.101251012510125,11111
516,3,9,3,3.7260372603726033,2.950229502295023,4.877418774187743,11111
517,3,9,4,2.8710287102871037,2.9608496084960847,4.946539465394653,11111
518,3,10,0,39.114391143911426,2.376653766537665,7.6376563765637675,11111
519,3,10,1,12.906129061290612,2.7967779677796782,5.72909729097291,11111
520,3,10,2,5.112051120511206,2.9275492754927552,5.2014220142201415,11111
521,3,10,3,2.646026460264603,2.9648096480964816,4.905319053190532,11111
522,3,10,4,2.0610206102061017,2.973539735397354,4.924669246692467,11111
523,4,0,1,99.16299162991629,0.8670686706867069,1.070470704707047,11111
524,4,0,2,95.16695166951669,1.2068220682206825,1.3916839168391684,11111
525,4,0,3,86.19386193861936,1.7399873998739988,2.0167401674016743,11111
526,4,0,4,72.75672756727569,2.3169831698316985,2.67959679596796,11111
527,4,1,0,99.59499594995951,0.6889568895688957,1.074520745207452,11111
528,4,1,1,96.3279632796328,1.068130681306813,1.4031140311403114,11111
529,4,1,2,88.3178831788318,1.6063360633606336,2.0076500765007648,11111
530,4,1,3,76.25776257762578,2.183151831518315,2.6836468364683648,11111
531,4,1,4,60.67860678606786,2.6885068850688505,3.252632526325264,11111
532,4,2,0,98.6049860498605,0.8247682476824768,1.4006840068400683,11111
533,1,0,1,59.58059580595806,0.4041940419404194,1.2012420124201242,11111
534,1,0,2,36.36036360363604,0.6363963639636396,1.921069210692107,11111
535,1,0,3,21.74421744217442,0.7825578255782558,2.3742237422374224,11111
536,1,0,4,12.753127531275313,0.8724687246872469,2.6255962559625594,11111
537,1,1,0,74.51174511745118,0.2548825488254883,1.5006750067500676,11111
538,1,1,1,36.153361533615346,0.6384663846638466,1.9151291512915132,11111
539,1,1,2,21.717217172171722,0.7828278282782828,2.3583835838358382,11111
